"Variable name","Correlation coefficient (Pearson's) between variable and outcome","P-value of correlation coefficient (Pearson's) between variable and outcome","Mean outcome in 1st decile","Mean outcome in 2nd decile","Mean outcome in 3rd decile","Mean outcome in 4th decile","Mean outcome in 5th decile","Mean outcome in 6th decile","Mean outcome in 7th decile","Mean outcome in 8th decile","Mean outcome in 9th decile","Mean outcome in 10th decile"
"disp",-0.847551379262479,9.3803265373813e-10,31,24.9,23.4,22.05,19.75,19.75,15.975,14.6666666666667,16.2666666666667,13.675
"hp",0.0177148814787917,0.923337180820009,17.975,29.5666666666667,28.5666666666667,22.3666666666667,18.1,23.45,16.925,18.95,14.825,13.175
"drat",0.681171907806749,1.77623992874132e-05,13.6,16.3,20.3,15.725,19.7,21.7333333333333,21.6,19.9333333333333,27.0333333333333,26.525
"wt",-0.867659376517228,1.29395870135052e-10,30.5,27.0666666666667,20.7333333333333,21.7333333333333,20.5333333333333,15.2,17.86,15.5333333333333,15.9,12.975
"qsec",0.418684033921778,0.0170819884965197,15.95,20.4333333333333,22.95,18.525,16.1333333333333,12,23.6666666666667,22.6333333333333,29.2333333333333,21.7
