"recall_bins","ppv_at_recall"
0.05,0.615873015873016
0.1,0.435606060606061
0.15,0.414801556587547
0.2,0.444664031620553
0.25,0.49
0.3,0.535714285714286
0.35,0.552113880742913
0.4,0.571428571428571
0.45,0.564528222745003
0.5,0.537696577243293
0.55,0.512597435843495
0.6,0.496037205675412
0.65,0.494027824677517
0.7,0.492957746478873
0.75,0.492172283856494
0.8,0.5
0.85,0.496123506874014
0.9,0.483908268926621
0.95,0.491408204175141
1,0.5
