"TP","FP","score_thrsh"
5,6,0.802845170953778
10,12,0.740334052929844
15,13,0.694725484103073
50,50,0
