"Categorical variable","Level","Relative Risk"
"cyl","4",1
"cyl","6",0.740441283912133
"cyl","8",0.566314353903853
"vs","0",1
"vs","1",1.47786215790228
"am","0",1
"am","1",1.42251027057657
"gear","3",1
"gear","4",1.62195983449389
"gear","5",1.35930971843778
"carb","1",1
"carb","2",0.883878241262683
"carb","3",0.643179255918828
"carb","4",0.623055242390079
"carb","6",0.777339346110485
"carb","8",0.591882750845547
